original_game_id,user_id,game_id,category_id,level_id,position
369pqq31,j4r5w458,369pqq31,82405jed,None,7
369pqq31,j4r5w458,o1y9okr6,zd3xmmvd,None,182
369pqq31,8rp4d33j,369pqq31,5dw66og2,None,2
369pqq31,8rp4d33j,o1y9okr6,zd3xmmvd,None,16
369pqq31,8rp4d33j,o1y9okr6,zd3xmmvd,None,57
369pqq31,8rp4d33j,o1y9okr6,zd3xmmvd,None,34
369pqq31,8rp4d33j,o1y9okr6,zd3xmmvd,None,5
369pqq31,8rp4d33j,o1y9okr6,zd3xmmvd,None,1
369pqq31,8g5yge1j,nd28z0ed,w20e4yvd,None,16
369pqq31,8g5yge1j,369pqq31,q25j3vwd,None,2
369pqq31,j964z6vj,o1y9okr6,zd3xmmvd,None,84
369pqq31,j964z6vj,369pqq31,82405jed,None,8
369pqq31,xy5wo1m8,o1y9okr6,zd3xmmvd,None,124
369pqq31,xy5wo1m8,o1y9okr6,zd3xmmvd,None,53
369pqq31,xy5wo1m8,369pqq31,5dw66og2,None,5
369pqq31,xy5wo1m8,o1y9okr6,zd3xmmvd,None,41
369pqq31,8dwqvy9j,o1y9okr6,zd3xmmvd,None,52
369pqq31,8dwqvy9j,o1y9okr6,w2034452,None,13
369pqq31,8dwqvy9j,o1y9okr6,w20xnq52,None,11
369pqq31,8dwqvy9j,o1y9okr6,w20xnq52,None,5
369pqq31,8dwqvy9j,o1y9okr6,jdropold,None,12
369pqq31,8dwqvy9j,o1y9okr6,w2034452,None,7
369pqq31,8dwqvy9j,o1y9okr6,jdropold,None,9
369pqq31,8dwqvy9j,o1y9okr6,02qmjm9d,None,5
369pqq31,8dwqvy9j,o1y9okr6,w20xnq52,None,3
369pqq31,8dwqvy9j,o1y9okr6,w20xnq52,None,7
369pqq31,8dwqvy9j,o1y9okr6,w20xnq52,None,5
369pqq31,8dwqvy9j,o1y9okr6,02qmjm9d,None,4
369pqq31,8dwqvy9j,o1y9okr6,w20xnq52,None,2
369pqq31,8dwqvy9j,o1y9okr6,w20xnq52,None,7
369pqq31,8dwqvy9j,o1yw9rdq,w20zg1zd,None,56
369pqq31,8dwqvy9j,o1y9okr6,zd3xmmvd,None,82
369pqq31,8dwqvy9j,o1y9okr6,zd3xmmvd,None,46
369pqq31,8dwqvy9j,369pqq31,5dw66og2,None,11
369pqq31,8dwqvy9j,o1y9okr6,zd3xmmvd,None,84
369pqq31,8dwqvy9j,o1y9okr6,zd3xmmvd,None,277
369pqq31,8dwqvy9j,o1y9okr6,zd3xmmvd,None,139
369pqq31,8dwqvy9j,o1y9okr6,zd3xmmvd,None,108
369pqq31,8dwqvy9j,o1y9okr6,02qmjm9d,None,9
369pqq31,8dwqvy9j,o1y9okr6,zd3xmmvd,None,83
369pqq31,x72vq7v8,369pqq31,82405jed,None,9
369pqq31,x72vq7v8,o1y9okr6,zd3xmmvd,None,772
369pqq31,jn91y9wx,o1y9okr6,jdzwxo3d,None,13
369pqq31,jn91y9wx,369pqq31,5dw66og2,None,13
369pqq31,jn91y9wx,o1y9okr6,zdn8elnd,None,13
369pqq31,jn91y9wx,o1y9okr6,zdn8elnd,None,50
369pqq31,jn91y9wx,o1y9okr6,02qmjm9d,None,14
369pqq31,jn91y9wx,o1y9okr6,zdn8elnd,None,27
369pqq31,x7290w68,369pqq31,82405jed,None,11
369pqq31,x7290w68,o1y9okr6,zd3xmmvd,None,795
369pqq31,x7290w68,9d3reryd,mkeq97nk,None,33
369pqq31,x7290w68,76rqmld8,n2y577zk,None,164
369pqq31,x7290w68,9d3reryd,mkeq97nk,None,71
369pqq31,8lp06y2j,o1y9okr6,02qmjm9d,None,10
369pqq31,8lp06y2j,o1y9okr6,02qmjm9d,None,10
369pqq31,8lp06y2j,o1y9okr6,02qmjm9d,None,8
369pqq31,8lp06y2j,o1y9okr6,02qmjm9d,None,10
369pqq31,8lp06y2j,o1y9okr6,02qmjm9d,None,10
369pqq31,8lp06y2j,o1y9okr6,zdn8elnd,None,11
369pqq31,8lp06y2j,o1y9okr6,zdn8elnd,None,16
369pqq31,8lp06y2j,o1y9okr6,zdn8elnd,None,12
369pqq31,8lp06y2j,o1y9okr6,02qmjm9d,None,10
369pqq31,8lp06y2j,o1y9okr6,zdn8elnd,None,16
369pqq31,8lp06y2j,o1y9okr6,zdn8elnd,None,16
369pqq31,8lp06y2j,o1y9okr6,zdn8elnd,None,16
369pqq31,8lp06y2j,o1y9okr6,zdn8elnd,None,13
369pqq31,8lp06y2j,o1y9okr6,02qmjm9d,None,10
369pqq31,8lp06y2j,o1y9okr6,zdn8elnd,None,11
369pqq31,8lp06y2j,o1y9okr6,02qmjm9d,None,10
369pqq31,8lp06y2j,o1y9okr6,02qmjm9d,None,10
369pqq31,8lp06y2j,o1y9okr6,02qmjm9d,None,10
369pqq31,8lp06y2j,o1y9okr6,02qmjm9d,None,10
369pqq31,8lp06y2j,o1y9okr6,02qmjm9d,None,10
369pqq31,8lp06y2j,o1y9okr6,zdn8elnd,None,12
369pqq31,8lp06y2j,o1y9okr6,02qmjm9d,None,10
369pqq31,8lp06y2j,o1y9okr6,zdn8elnd,None,13
369pqq31,8lp06y2j,o1y9okr6,zd3xmmvd,None,8
369pqq31,8lp06y2j,o1y9okr6,zdn8elnd,None,7
369pqq31,8lp06y2j,o1y9okr6,02qmjm9d,None,10
369pqq31,8lp06y2j,o1y9okr6,02qmjm9d,None,10
369pqq31,8lp06y2j,o1y9okr6,zdn8elnd,None,16
369pqq31,8lp06y2j,o1y9okr6,zdn8elnd,None,16
369pqq31,8lp06y2j,o1y9okr6,zd3xmmvd,None,24
369pqq31,8lp06y2j,o1y9okr6,zd3xmmvd,None,35
369pqq31,8lp06y2j,o1y9okr6,zdn8elnd,None,16
369pqq31,8lp06y2j,o1y9okr6,zdn8elnd,None,16
369pqq31,8lp06y2j,o1y9okr6,02qmjm9d,None,10
369pqq31,8lp06y2j,o1y9okr6,02qmjm9d,None,10
369pqq31,8lp06y2j,o1y9okr6,zdn8elnd,None,16
369pqq31,8lp06y2j,o1y9okr6,02qmjm9d,None,7
369pqq31,8lp06y2j,o1y9okr6,zdn8elnd,None,16
369pqq31,8lp06y2j,o1y9okr6,02qmjm9d,None,10
369pqq31,8lp06y2j,o1y9okr6,zdn8elnd,None,16
369pqq31,8lp06y2j,o1y9okr6,02qmjm9d,None,10
369pqq31,8lp06y2j,o1y9okr6,zdn8elnd,None,16
369pqq31,8lp06y2j,o1y9okr6,02qmjm9d,None,10
369pqq31,8lp06y2j,o1y9okr6,zd3xmmvd,None,15
369pqq31,8lp06y2j,o1y9okr6,zdn8elnd,None,11
369pqq31,8lp06y2j,o1y9okr6,02qmjm9d,None,1
369pqq31,8lp06y2j,o1y9okr6,zdn8elnd,None,9
369pqq31,8lp06y2j,o1y9okr6,zdn8elnd,None,16
369pqq31,8lp06y2j,o1y9okr6,02qmjm9d,None,10
369pqq31,8lp06y2j,o1y9okr6,02qmjm9d,None,10
369pqq31,8lp06y2j,o1y9okr6,zdn8elnd,None,12
369pqq31,8lp06y2j,o1y9okr6,zdn8elnd,None,11
369pqq31,8lp06y2j,369pqq31,q25j3vwd,None,2
369pqq31,8lp06y2j,369pqq31,w20em85d,None,1
369pqq31,8lp06y2j,369pqq31,w20em85d,None,2
369pqq31,8lp06y2j,o1y9okr6,zd3xmmvd,None,41
369pqq31,8lp06y2j,369pqq31,82405jed,None,3
369pqq31,8lp06y2j,o1y9okr6,zd3xmmvd,None,68
369pqq31,8lp06y2j,o1y9okr6,zd3xmmvd,None,59
369pqq31,8lp06y2j,o1y9okr6,9kv9gg82,None,27
369pqq31,8lp06y2j,o1y9okr6,zd3xmmvd,None,66
369pqq31,8lp06y2j,o1y9okr6,zd3xmmvd,None,88
369pqq31,8lp06y2j,o1y9okr6,zd3xmmvd,None,47
369pqq31,8lp06y2j,o1y9okr6,7kjgqe4k,None,5
369pqq31,8lp06y2j,o1y9okr6,zd3xmmvd,None,68
369pqq31,8lp06y2j,o1y9okr6,xd15e642,None,5
369pqq31,8lp06y2j,o1y9okr6,zd3xmmvd,None,38
369pqq31,8lp06y2j,o1y9okr6,zd3xmmvd,None,73
369pqq31,8lp06y2j,o1y9okr6,zd3xmmvd,None,84
369pqq31,8lp06y2j,o1y9okr6,zd3xmmvd,None,4
369pqq31,8lp06y2j,o1y9okr6,w20xnq52,None,7
369pqq31,8lp06y2j,o1y9okr6,jdropold,None,6
369pqq31,8lp06y2j,o1y9okr6,zd3xmmvd,None,81
369pqq31,8lp06y2j,o1y9okr6,zd3xmmvd,None,68
369pqq31,8lp06y2j,o1y9okr6,zd3xmmvd,None,88
369pqq31,8lp06y2j,o1y9okr6,zd3xmmvd,None,90
369pqq31,8lp06y2j,o1y9okr6,zd3xmmvd,None,78
369pqq31,8lp06y2j,o1y9okr6,zd3xmmvd,None,81
369pqq31,8lp06y2j,o1y9okr6,zd3xmmvd,None,89
369pqq31,8lp06y2j,o1y9okr6,w2034452,None,7
369pqq31,8lp06y2j,o1y9okr6,zd3xmmvd,None,81
369pqq31,8lp06y2j,o1y9okr6,zd3xmmvd,None,30
369pqq31,8lp06y2j,o1y9okr6,jdzwxo3d,None,12
369pqq31,8lp06y2j,o1y9okr6,jdzwxo3d,None,17
369pqq31,8lp06y2j,o1y9okr6,jdzwxo3d,None,3
369pqq31,8lp06y2j,o1y9okr6,jdzwxo3d,None,18
369pqq31,8lp06y2j,o1y9okr6,jdzwxo3d,None,17
369pqq31,8lp06y2j,o1y9okr6,jdzwxo3d,None,12
369pqq31,8lp06y2j,o1y9okr6,jdzwxo3d,None,17
369pqq31,8lp06y2j,o1y9okr6,jdzwxo3d,None,17
369pqq31,8lp06y2j,o1y9okr6,jdzwxo3d,None,18
369pqq31,8lp06y2j,o1y9okr6,jdzwxo3d,None,18
369pqq31,8lp06y2j,o1y9okr6,jdzwxo3d,None,12
369pqq31,8lp06y2j,o1y9okr6,jdzwxo3d,None,18
369pqq31,8lp06y2j,o1y9okr6,jdzwxo3d,None,16
369pqq31,8lp06y2j,o1y9okr6,jdzwxo3d,None,15
369pqq31,8lp06y2j,o1y9okr6,jdzwxo3d,None,17
369pqq31,8lp06y2j,o1y9okr6,jdzwxo3d,None,18
369pqq31,8lp06y2j,o1y9okr6,jdzwxo3d,None,17
369pqq31,8lp06y2j,o1y9okr6,jdzwxo3d,None,17
369pqq31,8lp06y2j,o1y9okr6,jdzwxo3d,None,18
369pqq31,8lp06y2j,o1y9okr6,jdzwxo3d,None,17
369pqq31,8lp06y2j,o1y9okr6,jdzwxo3d,None,15
369pqq31,8lp06y2j,o1y9okr6,jdzwxo3d,None,15
369pqq31,8lp06y2j,o1y9okr6,jdzwxo3d,None,18
369pqq31,8lp06y2j,o1y9okr6,jdzwxo3d,None,18
369pqq31,8lp06y2j,o1y9okr6,jdzwxo3d,None,18
369pqq31,8lp06y2j,o1y9okr6,jdzwxo3d,None,17
369pqq31,8lp06y2j,o1y9okr6,zd3xmmvd,None,103
369pqq31,8r21d3dx,369pqq31,5dw66og2,None,5
369pqq31,8r21d3dx,369pqq31,5dw66og2,None,6
369pqq31,x3wlqq2j,o1y9okr6,jdzwxo3d,None,17
369pqq31,x3wlqq2j,o1y9okr6,jdzwxo3d,None,14
369pqq31,x3wlqq2j,o1y9okr6,jdzwxo3d,None,17
369pqq31,x3wlqq2j,369pqq31,w20em85d,None,4
369pqq31,8rp4d7gj,o1y9okr6,jdropold,None,41
369pqq31,8rp4d7gj,o1y9okr6,zd3xmmvd,None,105
369pqq31,8rp4d7gj,o1y9okr6,zd3xmmvd,None,79
369pqq31,8rp4d7gj,369pqq31,5dw66og2,None,5
369pqq31,8rp4d7gj,4d793jg1,9d83yvq2,None,41
369pqq31,8rp4d7gj,o1y9okr6,zd3xmmvd,None,209
369pqq31,8rp4d7gj,o1y9okr6,zd3xmmvd,None,156
369pqq31,8rp4d7gj,4d793jg1,vdo15q12,None,20
369pqq31,8rp4d7gj,o1y9okr6,zd3xmmvd,None,68
369pqq31,8rp4d7gj,o1y9okr6,zd3xmmvd,None,23
369pqq31,qxkegr6x,o1y9okr6,vdo530yk,None,4
369pqq31,qxkegr6x,o6gnzl81,n2ye118k,None,7
369pqq31,qxkegr6x,o1y9okr6,jdropold,None,26
369pqq31,qxkegr6x,j1nel5e1,02qm43jd,None,8
369pqq31,qxkegr6x,o1y9okr6,w2034452,None,19
369pqq31,qxkegr6x,o1y9okr6,zd3xmmvd,None,88
369pqq31,qxkegr6x,o1y9okr6,jdzwxo3d,None,2
369pqq31,qxkegr6x,o1y9okr6,zd3xmmvd,None,72
369pqq31,qxkegr6x,o1y9okr6,zd3xmmvd,None,68
369pqq31,qxkegr6x,369pqq31,82405jed,None,4
369pqq31,qxkegr6x,o1y9okr6,zd3xmmvd,None,4
369pqq31,qxkegr6x,o1y9okr6,jdzwxo3d,None,5
369pqq31,qxkegr6x,o1y9okr6,zd3xmmvd,None,109
369pqq31,qxkegr6x,o1y9okr6,w2034452,None,7
369pqq31,qxkegr6x,o1y9okr6,9d8e6j6d,None,3
369pqq31,qxkegr6x,o1y9okr6,9d8e6j3d,None,5
369pqq31,qxkegr6x,o1y9okr6,jdroxxxd,None,5
369pqq31,qxkegr6x,o1y9okr6,9d8e6j3d,None,1
369pqq31,qxkegr6x,o1y9okr6,9d8e6j6d,None,3
369pqq31,qxkegr6x,o1y9okr6,9kv6mjo2,None,4
369pqq31,qxkegr6x,o1y9okr6,9d8e6j6d,None,2
369pqq31,qxkegr6x,o1y9okr6,xd14e37d,None,1
369pqq31,qxkegr6x,o1y9okr6,9d8e6j6d,None,2
369pqq31,qxkegr6x,o1y9okr6,9d8e6j6d,None,1
369pqq31,qxkegr6x,o1y9okr6,9d8e6j6d,None,1
369pqq31,qxkegr6x,o1y9okr6,9d8e6j6d,None,1
369pqq31,qxkegr6x,o1y9okr6,9d8e6j6d,None,1
369pqq31,qxkegr6x,o1y9okr6,9d8e6j6d,None,1
369pqq31,qxkegr6x,o1y9okr6,9d8e6j6d,None,1
369pqq31,qxkegr6x,o1y9okr6,9d8e6j6d,None,1
369pqq31,qxkegr6x,o1y9okr6,9d8e6j6d,None,6
369pqq31,jo211pl8,369pqq31,w20em85d,None,1
369pqq31,jo211pl8,o1y9okr6,zd3xmmvd,None,124
369pqq31,jo211pl8,o1y9okr6,zd3xmmvd,None,88
369pqq31,jo211pl8,o1y9okr6,zd3xmmvd,None,85
369pqq31,jo211pl8,o1y9okr6,zd3xmmvd,None,100
369pqq31,jo211pl8,o1y9okr6,zd3xmmvd,None,204
369pqq31,j9209ko8,o1y9okr6,zd3xmmvd,None,235
369pqq31,j9209ko8,369pqq31,82405jed,None,6
369pqq31,jmow57e8,o1y9okr6,zd3xmmvd,None,16
369pqq31,jmow57e8,o1y9okr6,jdropold,None,23
369pqq31,jmow57e8,o1y9okr6,w2034452,None,14
369pqq31,jmow57e8,o1y9okr6,zd3xmmvd,None,259
369pqq31,jmow57e8,o1y9okr6,zd3xmmvd,None,79
369pqq31,jmow57e8,o1y9okr6,zd3xmmvd,None,56
369pqq31,jmow57e8,o1y9okr6,zd3xmmvd,None,84
369pqq31,jmow57e8,o1y9okr6,zd3xmmvd,None,38
369pqq31,jmow57e8,o1y9okr6,zd3xmmvd,None,75
369pqq31,jmow57e8,o1y9okr6,w20xnq52,None,2
369pqq31,jmow57e8,o1y9okr6,w2034452,None,15
369pqq31,jmow57e8,o1y9okr6,jdropold,None,15
369pqq31,jmow57e8,o1y9okr6,zd3xmmvd,None,294
369pqq31,jmow57e8,o1y9okr6,jdzwxo3d,None,46
369pqq31,jmow57e8,o1y9okr6,jdzwxo3d,None,37
369pqq31,jmow57e8,o1y9okr6,jdzwxo3d,None,46
369pqq31,jmow57e8,o1y9okr6,jdzwxo3d,None,43
369pqq31,jmow57e8,o1y9okr6,jdzwxo3d,None,42
369pqq31,jmow57e8,o1y9okr6,jdzwxo3d,None,46
369pqq31,jmow57e8,o1y9okr6,jdzwxo3d,None,35
369pqq31,jmow57e8,o1y9okr6,jdzwxo3d,None,37
369pqq31,jmow57e8,o1y9okr6,jdzwxo3d,None,39
369pqq31,jmow57e8,o1y9okr6,jdzwxo3d,None,37
369pqq31,jmow57e8,o1y9okr6,jdzwxo3d,None,32
369pqq31,jmow57e8,o1y9okr6,jdzwxo3d,None,43
369pqq31,jmow57e8,o1y9okr6,jdzwxo3d,None,39
369pqq31,jmow57e8,o1y9okr6,jdzwxo3d,None,42
369pqq31,jmow57e8,o1y9okr6,jdzwxo3d,None,26
369pqq31,jmow57e8,o1y9okr6,zd3xmmvd,None,65
369pqq31,jmow57e8,o1y9okr6,jdzwxo3d,None,46
369pqq31,jmow57e8,o1y9okr6,jdzwxo3d,None,35
369pqq31,jmow57e8,o1y9okr6,zd3xmmvd,None,184
369pqq31,jmow57e8,369pqq31,5dw66og2,None,12
369pqq31,jmow57e8,o1y9okr6,zd3xmmvd,None,152
369pqq31,jmow57e8,o1y9okr6,02qmjm9d,None,27
369pqq31,jmow57e8,o1y9okr6,jdzwxo3d,None,20
369pqq31,jmow57e8,o1y9okr6,jdzwxo3d,None,46
369pqq31,jmow57e8,o1y9okr6,zdn8elnd,None,28
369pqq31,jmow57e8,o1y9okr6,zd3xmmvd,None,82
369pqq31,jmow57e8,o1y9okr6,zd3xmmvd,None,210
369pqq31,8dwwm3gj,y654pv8d,zd3ozevd,None,1
369pqq31,8dwwm3gj,y654pv8d,9kv61z82,None,3
369pqq31,8dwwm3gj,o1y9okr6,w2034452,None,17
369pqq31,8dwwm3gj,o1y9okr6,w20xnq52,None,5
369pqq31,8dwwm3gj,o1y9okr6,w20xnq52,None,4
369pqq31,8dwwm3gj,o1y9okr6,zd3xmmvd,None,380
369pqq31,8dwwm3gj,o1y9okr6,zd3xmmvd,None,367
369pqq31,8dwwm3gj,o1y9okr6,zd3xmmvd,None,446
369pqq31,8dwwm3gj,o1y9okr6,zd3xmmvd,None,188
369pqq31,8dwwm3gj,o1y9okr6,zd3xmmvd,None,365
369pqq31,8dwwm3gj,o1y9okr6,zd3xmmvd,None,135
369pqq31,8dwwm3gj,o1y9okr6,zd3xmmvd,None,244
369pqq31,8dwwm3gj,369pqq31,82405jed,None,1
369pqq31,8dwwm3gj,o1y9okr6,zd3xmmvd,None,34
369pqq31,8dwwm3gj,369pqq31,82405jed,None,2
369pqq31,8dwwm3gj,o1y9okr6,zd3xmmvd,None,58
369pqq31,8dwwm3gj,o1y9okr6,zd3xmmvd,None,72
369pqq31,8dwwm3gj,o1y9okr6,zd3xmmvd,None,87
369pqq31,8dwwm3gj,o1y9okr6,zd3xmmvd,None,53
369pqq31,8dwwm3gj,o1y9okr6,9d8e6j3d,None,4
369pqq31,8dwwm3gj,o1y9okr6,xd14e37d,None,3
369pqq31,8dwwm3gj,o1y9okr6,9d8e6j6d,None,6
369pqq31,8dwwm3gj,o1y9okr6,9kv6mjo2,None,3
369pqq31,8dwwm3gj,76rxmxq6,zdn06xx2,None,3
369pqq31,8dwwm3gj,76rxmxq6,zdn06xx2,None,1
369pqq31,8dwwm3gj,76rxmxq6,zdn06xx2,None,2
369pqq31,8dwwm3gj,76rxmxq6,zdn06xx2,None,1
369pqq31,8dwwm3gj,n268p5dp,nxd13rk8,None,4
369pqq31,j2yg6e78,o1y9okr6,zd3xmmvd,None,106
369pqq31,j2yg6e78,o1y9okr6,zd3xmmvd,None,5
369pqq31,j2yg6e78,o1y9okr6,zd3xmmvd,None,209
369pqq31,j2yg6e78,o1y9okr6,zd3xmmvd,None,195
369pqq31,j2yg6e78,o1y9okr6,zd3xmmvd,None,477
369pqq31,j2yg6e78,369pqq31,82405jed,None,7
369pqq31,j2yg6e78,o1y9okr6,zd3xmmvd,None,1004
369pqq31,xk44mn6j,369pqq31,5dw66og2,None,23
369pqq31,xk44mn6j,369pqq31,5dw66og2,None,7
369pqq31,816w31rx,o1y9okr6,zd3xmmvd,None,53
369pqq31,816w31rx,o1y9okr6,zd3xmmvd,None,41
369pqq31,816w31rx,o1y9okr6,zd3xmmvd,None,35
369pqq31,816w31rx,o1y9okr6,zd3xmmvd,None,69
369pqq31,816w31rx,o1y9okr6,zdn8elnd,None,16
369pqq31,816w31rx,o1y9okr6,zd3xmmvd,None,52
369pqq31,816w31rx,o1y9okr6,zd3xmmvd,None,9
369pqq31,816w31rx,o1y9okr6,zd3xmmvd,None,30
369pqq31,816w31rx,o1y9okr6,zd3xmmvd,None,41
369pqq31,816w31rx,o1y9okr6,zd3xmmvd,None,98
369pqq31,816w31rx,o1y9okr6,zd3xmmvd,None,92
369pqq31,816w31rx,o1y9okr6,zdn8elnd,None,30
369pqq31,816w31rx,o1y9okr6,zd3xmmvd,None,3
369pqq31,816w31rx,o1y9okr6,zd3xmmvd,None,35
369pqq31,816w31rx,o1y9okr6,zd3xmmvd,None,11
369pqq31,816w31rx,o1y9okr6,w2034452,None,3
369pqq31,816w31rx,o1y9okr6,zd3xmmvd,None,37
369pqq31,816w31rx,369pqq31,5dw66og2,None,4
369pqq31,816w31rx,o1y9okr6,jdropold,None,4
369pqq31,816w31rx,o1y9okr6,zd3xmmvd,None,41
369pqq31,816w31rx,o1y9okr6,zd3xmmvd,None,120
369pqq31,816w31rx,o1y9okr6,w20xnq52,None,2
369pqq31,816w31rx,o1y9okr6,w2034452,None,6
369pqq31,816w31rx,o1y9okr6,zd3xmmvd,None,36
369pqq31,816w31rx,o1y9okr6,w20xnq52,None,4
369pqq31,816w31rx,o1y9okr6,zd3xmmvd,None,62
369pqq31,816w31rx,o1y9okr6,zd3xmmvd,None,43
369pqq31,816w31rx,o1y9okr6,w20xnq52,None,3
369pqq31,816w31rx,o1y9okr6,zd3xmmvd,None,25
369pqq31,816w31rx,369pqq31,q25j3vwd,None,5
369pqq31,816w31rx,76rqmld8,02q8o4p2,None,261
369pqq31,816w31rx,o1y9okr6,w20xnq52,None,5
369pqq31,816w31rx,o1y9okr6,w20xnq52,None,6
369pqq31,816w31rx,o1y9okr6,9kv9gg82,None,8
369pqq31,816w31rx,o1y9okr6,w20xnq52,None,8
369pqq31,816w31rx,o1y9okr6,jdzwxo3d,None,4
369pqq31,816w31rx,o1y9okr6,zd3xmmvd,None,102
369pqq31,816w31rx,o1y9okr6,zd3xmmvd,None,188
369pqq31,816w31rx,o1y9okr6,w20xnq52,None,3
369pqq31,816w31rx,o1y9okr6,w20xnq52,None,8
369pqq31,816w31rx,o1y9okr6,jdropold,None,10
369pqq31,816w31rx,o1y9okr6,zd3xmmvd,None,95
369pqq31,816w31rx,o1y9okr6,zd3xmmvd,None,145
369pqq31,816w31rx,o1y9okr6,zd3xmmvd,None,282
369pqq31,816w31rx,o1y9okr6,zd3xmmvd,None,5
369pqq31,816w31rx,o1y9okr6,w20xnq52,None,7
369pqq31,816w31rx,o1y9okr6,zd3xmmvd,None,23
369pqq31,816w31rx,o1y9okr6,zdn8elnd,None,11
369pqq31,816w31rx,o1y9okr6,w20xnq52,None,9
369pqq31,816w31rx,o1y9okr6,w20xnq52,None,4
369pqq31,816w31rx,o1y9okr6,02qmjm9d,None,21
369pqq31,816w31rx,o1y9okr6,zd3xmmvd,None,56
369pqq31,816w31rx,o1y9okr6,zd3xmmvd,None,332
369pqq31,816w31rx,o1y9okr6,zd3xmmvd,None,139
369pqq31,816w31rx,o1y9okr6,zdn8elnd,None,17
369pqq31,816w31rx,o1y9okr6,02qmjm9d,None,16
369pqq31,816w31rx,o1y9okr6,jdzwxo3d,None,10
369pqq31,816w31rx,o1y9okr6,zd3xmmvd,None,170
369pqq31,816w31rx,o1y9okr6,jdzwxo3d,None,14
369pqq31,816w31rx,o1y9okr6,zd3xmmvd,None,253
369pqq31,816w31rx,o1y9okr6,zd3xmmvd,None,296
369pqq31,816w31rx,369pqq31,5dw66og2,None,20
369pqq31,816w31rx,o1y9okr6,zd3xmmvd,None,388
369pqq31,816w31rx,369pqq31,5dw66og2,None,9
369pqq31,816w31rx,o1y9okr6,02qmjm9d,None,38
369pqq31,816w31rx,o1y9okr6,02qmjm9d,None,29
369pqq31,j92e21w8,369pqq31,5dw66og2,None,18
369pqq31,j92e21w8,o1y9okr6,zd3xmmvd,None,380
369pqq31,j92e21w8,o1y9okr6,zd3xmmvd,None,87
369pqq31,8eneo6d8,o1y9okr6,zd3xmmvd,None,26
369pqq31,8eneo6d8,o1y9okr6,zd3xmmvd,None,81
369pqq31,8eneo6d8,o1y9okr6,jdropold,None,3
369pqq31,8eneo6d8,o1y9okr6,jdropold,None,1
369pqq31,8eneo6d8,o1y9okr6,w2034452,None,2
369pqq31,8eneo6d8,o1y9okr6,zd3xmmvd,None,15
369pqq31,8eneo6d8,ldep0513,9d84e1wk,None,1
369pqq31,8eneo6d8,o1y9okr6,zd3xmmvd,None,24
369pqq31,8eneo6d8,369pqq31,5dw66og2,None,1
369pqq31,8eneo6d8,o1y9okr6,zd3xmmvd,None,371
369pqq31,8eneo6d8,o1y9okr6,zd3xmmvd,None,65
369pqq31,8eneo6d8,o1y9okr6,7kjgqe4k,None,2
369pqq31,8eneo6d8,o1y9okr6,w2034452,None,2
369pqq31,8eneo6d8,o1y9okr6,zd3xmmvd,None,36
369pqq31,8eneo6d8,o1y9okr6,w20xnq52,None,5
369pqq31,8eneo6d8,o1y9okr6,zd3xmmvd,None,87
369pqq31,8eneo6d8,o1y9okr6,zd3xmmvd,None,88
369pqq31,8eneo6d8,o1y9okr6,7kjgqe4k,None,3
369pqq31,8eneo6d8,o1y9okr6,zd3xmmvd,None,127
369pqq31,8eneo6d8,o1y9okr6,w20xnq52,None,5
369pqq31,8eneo6d8,o1y9okr6,w20xnq52,None,2
369pqq31,8eneo6d8,o1y9okr6,w20xnq52,None,3
369pqq31,8eneo6d8,o1y9okr6,xd15e642,None,3
369pqq31,8eneo6d8,369pqq31,5dw66og2,None,1
369pqq31,8eneo6d8,369pqq31,5dw66og2,None,25
369pqq31,8eneo6d8,369pqq31,5dw66og2,None,23
369pqq31,8eneo6d8,o1y9okr6,xd15e642,None,3
369pqq31,8eneo6d8,o1y9okr6,zd3xmmvd,None,18
369pqq31,8eneo6d8,o1y9okr6,zd3xmmvd,None,45
369pqq31,8eneo6d8,o1y9okr6,zd3xmmvd,None,36
369pqq31,8eneo6d8,o1y9okr6,zd3xmmvd,None,43
369pqq31,8eneo6d8,o1y9okr6,zd3xmmvd,None,59
369pqq31,8eneo6d8,o1y9okr6,zd3xmmvd,None,43
369pqq31,8eneo6d8,o1y9okr6,zd3xmmvd,None,65
369pqq31,8eneo6d8,o1y9okr6,zd3xmmvd,None,91
369pqq31,8eneo6d8,o1y9okr6,zd3xmmvd,None,115
369pqq31,8eneo6d8,o1y9okr6,vdo530yk,None,6
369pqq31,8eneo6d8,o1y9okr6,zd3xmmvd,None,148
369pqq31,8eneo6d8,o1y9okr6,zd3xmmvd,None,148
369pqq31,8eneo6d8,o1y9okr6,zd3xmmvd,None,148
369pqq31,8eneo6d8,o1y9okr6,zd3xmmvd,None,143
369pqq31,8eneo6d8,o1y9okr6,zd3xmmvd,None,142
369pqq31,8eneo6d8,o1y9okr6,zd3xmmvd,None,143
369pqq31,8eneo6d8,o1y9okr6,zd3xmmvd,None,142
369pqq31,8eneo6d8,o1y9okr6,zd3xmmvd,None,131
369pqq31,8eneo6d8,o1y9okr6,zd3xmmvd,None,109
369pqq31,8eneo6d8,o1y9okr6,zd3xmmvd,None,126
369pqq31,8eneo6d8,k6qww0z6,xd11x17d,None,1
369pqq31,8eneo6d8,o1y9okr6,w20xnq52,None,9
369pqq31,8eneo6d8,o1y9okr6,w20xnq52,None,15
369pqq31,8eneo6d8,o1y9okr6,w20xnq52,None,7
369pqq31,8eneo6d8,o1y9okr6,zd3xmmvd,None,64
369pqq31,8eneo6d8,o1y9okr6,jdropold,None,31
369pqq31,8eneo6d8,o1y9okr6,w20xnq52,None,8
369pqq31,8eneo6d8,o1y9okr6,zd3xmmvd,None,405
369pqq31,8eneo6d8,o1y9okr6,zd3xmmvd,None,68
369pqq31,8eneo6d8,o1y9okr6,zd3xmmvd,None,152
369pqq31,8eneo6d8,o1y9okr6,zd3xmmvd,None,277
369pqq31,8eneo6d8,o1y9okr6,zd3xmmvd,None,187
369pqq31,8eneo6d8,o1y9okr6,zd3xmmvd,None,135
369pqq31,86nvz3qx,369pqq31,5dw66og2,None,19
369pqq31,j517ln68,o1y9okr6,7kjgqe4k,None,6
369pqq31,j517ln68,o1y9okr6,w20xnq52,None,6
369pqq31,j517ln68,o1y9okr6,w20xnq52,None,7
369pqq31,j517ln68,o1y9okr6,w20xnq52,None,6
369pqq31,j517ln68,369pqq31,5dw66og2,None,2
369pqq31,j517ln68,o1y9okr6,zd3xmmvd,None,24
369pqq31,j517ln68,o1y9okr6,zd3xmmvd,None,33
369pqq31,j517ln68,o1y9okr6,w20xnq52,None,4
369pqq31,j517ln68,o1y9okr6,zd3xmmvd,None,81
369pqq31,j517ln68,o1y9okr6,xd15e642,None,4
369pqq31,j517ln68,o1y9okr6,zd3xmmvd,None,80
369pqq31,j517ln68,o1y9okr6,zd3xmmvd,None,85
369pqq31,j517ln68,o1y9okr6,xd15e642,None,6
369pqq31,j517ln68,o1y9okr6,zdn8elnd,None,11
369pqq31,j517ln68,o1y9okr6,zdn8elnd,None,16
369pqq31,j517ln68,o1y9okr6,zd3xmmvd,None,79
369pqq31,j517ln68,o1y9okr6,w2034452,None,13
369pqq31,j517ln68,o1y9okr6,zdn8elnd,None,9
369pqq31,j517ln68,o1y9okr6,jdzwxo3d,None,16
369pqq31,j517ln68,o1y9okr6,zd3xmmvd,None,81
369pqq31,j517ln68,o1y9okr6,w2034452,None,11
369pqq31,j517ln68,o1y9okr6,02qmjm9d,None,14
369pqq31,j517ln68,o1y9okr6,jdzwxo3d,None,17
369pqq31,j517ln68,o1y9okr6,jdropold,None,11
369pqq31,j517ln68,o1y9okr6,zd3xmmvd,None,103
369pqq31,j517ln68,o1y9okr6,zdn8elnd,None,16
369pqq31,j517ln68,o1y9okr6,w20xnq52,None,6
369pqq31,j517ln68,o1y9okr6,w20xnq52,None,5
369pqq31,j517ln68,o1y9okr6,7kjgqe4k,None,5
369pqq31,j517ln68,o1y9okr6,w20xnq52,None,11
369pqq31,j517ln68,o1y9okr6,w20xnq52,None,11
369pqq31,j517ln68,o1y9okr6,zdn8elnd,None,35
369pqq31,j517ln68,o1y9okr6,w20xnq52,None,3
369pqq31,j517ln68,o1y9okr6,zd3xmmvd,None,128
369pqq31,j517ln68,o1y9okr6,zd3xmmvd,None,100
369pqq31,j517ln68,o1y9okr6,w20xnq52,None,7
369pqq31,j517ln68,o1y9okr6,zd3xmmvd,None,68
369pqq31,j517ln68,o1y9okr6,zd3xmmvd,None,128
369pqq31,j517ln68,o1y9okr6,zd3xmmvd,None,127
369pqq31,j517ln68,o1y9okr6,zd3xmmvd,None,98
369pqq31,j517ln68,o1y9okr6,zd3xmmvd,None,141
369pqq31,j517ln68,o1y9okr6,zd3xmmvd,None,134
369pqq31,j517ln68,o1y9okr6,zd3xmmvd,None,137
369pqq31,j517ln68,o1y9okr6,zd3xmmvd,None,36
369pqq31,j517ln68,o1y9okr6,zd3xmmvd,None,79
369pqq31,j517ln68,o1y9okr6,w20xnq52,None,14
369pqq31,j517ln68,o1y9okr6,jdropold,None,13
369pqq31,j517ln68,o1y9okr6,w20xnq52,None,5
369pqq31,j517ln68,o1y9okr6,zd3xmmvd,None,68
369pqq31,j517ln68,o1y9okr6,zd3xmmvd,None,332
369pqq31,8wk12248,o1y9okr6,zd3xmmvd,None,379
369pqq31,8wk12248,o1y9okr6,w2034452,None,27
369pqq31,8wk12248,3dxkyk51,wkp94902,None,4
369pqq31,8wk12248,o1y9okr6,w20xnq52,None,10
369pqq31,8wk12248,o1y9okr6,jdropold,None,52
369pqq31,8wk12248,o1y9okr6,7kjgqe4k,None,7
369pqq31,8wk12248,369pqq31,q25j3vwd,None,9
369pqq31,8wk12248,o1y9okr6,zd3xmmvd,None,581
369pqq31,8wk12248,o1y9okr6,zd3xmmvd,None,215
369pqq31,8wk12248,o1y9okr6,zdn8elnd,None,17
369pqq31,8wk12248,o1y9okr6,zd3xmmvd,None,149
369pqq31,8wk12248,o1ymwk1q,ndx390od,None,162
369pqq31,8wk12248,76rqmld8,7dg9e9gk,None,30
369pqq31,8wk12248,76rqmld8,wkpq608d,495lx03d,131
369pqq31,8wk12248,m1zj52m6,xd17w1rd,nwlnr6ed,2
369pqq31,8wk12248,76r55vd8,wdmw4e42,None,109
369pqq31,8wk12248,m1mxxw46,7kjp3wzk,None,209
369pqq31,8wk12248,76r55vd8,w20w1lzd,None,533
369pqq31,8wk12248,m1mxxw46,7kj3wl42,None,61
369pqq31,8wk12248,m1mxxw46,w20w3rjd,None,33
369pqq31,8wk12248,46w33wn1,7dgr0jlk,kwjz7zn9,5
369pqq31,8wk12248,46w33wn1,7dgr0jlk,kwjz7zn9,46
369pqq31,8wk12248,46w33wn1,7dgr0jlk,rdnzo27d,34
369pqq31,8wk12248,46w33wn1,7dgr0jlk,rdnzo27d,4
369pqq31,8wk12248,46w33wn1,7dgr0jlk,ldygyn7d,9
369pqq31,8wk12248,46w33wn1,7dgr0jlk,kwjz8e09,1
369pqq31,8wk12248,46w33wn1,7dgr0jlk,n934mpzd,2
369pqq31,8wk12248,46w33wn1,7dgr0jlk,ldygyn7d,11
369pqq31,8wk12248,46w33wn1,7dgr0jlk,xd120vzw,3
369pqq31,j26152nx,o1y9okr6,zd3xmmvd,None,120
369pqq31,j26152nx,o1y9okr6,zd3xmmvd,None,59
369pqq31,j26152nx,o1y9okr6,zdn8elnd,None,25
369pqq31,j26152nx,369pqq31,q25j3vwd,None,6
369pqq31,j26152nx,o1y9okr6,02qmjm9d,None,33
369pqq31,j26152nx,o1y9okr6,jdropold,None,54
369pqq31,8l45zr4j,o1y9okr6,zdn8elnd,None,7
369pqq31,8l45zr4j,o1y9okr6,02qmjm9d,None,12
369pqq31,8l45zr4j,369pqq31,5dw66og2,None,24
369pqq31,8l45zr4j,o1y9okr6,zd3xmmvd,None,160
369pqq31,8qr9o50j,o1y9okr6,w20xnq52,None,6
369pqq31,8qr9o50j,o1y9okr6,w20xnq52,None,6
369pqq31,8qr9o50j,o1y9okr6,zd3xmmvd,None,145
369pqq31,8qr9o50j,o1y9okr6,9kv9gg82,None,24
369pqq31,8qr9o50j,o1y9okr6,zd3xmmvd,None,116
369pqq31,8qr9o50j,o1y9okr6,jdzwxo3d,None,33
369pqq31,8qr9o50j,o1y9okr6,zd3xmmvd,None,81
369pqq31,8qr9o50j,369pqq31,q25j3vwd,None,5
369pqq31,8qr9o50j,o1y9okr6,zd3xmmvd,None,152
369pqq31,8qr9o50j,o1y9okr6,zd3xmmvd,None,146
369pqq31,8qr9o50j,o1y9okr6,zd3xmmvd,None,253
369pqq31,8qr9o50j,o1y9okr6,zd3xmmvd,None,261
369pqq31,8qr9o50j,o1y9okr6,zd3xmmvd,None,172
369pqq31,8qr9o50j,o1y9okr6,zd3xmmvd,None,71
369pqq31,8qr9o50j,o1y9okr6,zd3xmmvd,None,1
369pqq31,8qr9o50j,o1y9okr6,zd3xmmvd,None,13
369pqq31,8qr9o50j,o1y9okr6,zd3xmmvd,None,73
369pqq31,8qr9o50j,o1y9okr6,zd3xmmvd,None,3
369pqq31,8qr9o50j,o1y9okr6,zd3xmmvd,None,45
369pqq31,8qr9o50j,o1y9okr6,zd3xmmvd,None,21
369pqq31,8qr9o50j,o1y9okr6,zd3xmmvd,None,49
369pqq31,8qr9o50j,o1y9okr6,zd3xmmvd,None,204
369pqq31,8qr9o50j,o1y9okr6,zd3xmmvd,None,3
369pqq31,8qr9o50j,o1y9okr6,zdn8elnd,None,18
369pqq31,8qr9o50j,o1y9okr6,jdropold,None,4
369pqq31,8qr9o50j,o1y9okr6,zd3xmmvd,None,96
369pqq31,8qr9o50j,o1y9okr6,zd3xmmvd,None,62
369pqq31,8qr9o50j,o1y9okr6,zd3xmmvd,None,90
369pqq31,8qr9o50j,o1y9okr6,zd3xmmvd,None,81
369pqq31,8qr9o50j,o1y9okr6,zd3xmmvd,None,68
369pqq31,8qr9o50j,o1y9okr6,zd3xmmvd,None,98
369pqq31,8qr9o50j,o1y9okr6,zd3xmmvd,None,35
369pqq31,8qr9o50j,o6gql912,mkez3xjk,None,3
369pqq31,8qr9o50j,o1y9okr6,zd3xmmvd,None,64
369pqq31,8qr9o50j,o1y9okr6,zd3xmmvd,None,78
369pqq31,8qr9o50j,o1y9okr6,xd15e642,None,4
369pqq31,8qr9o50j,o1y9okr6,w20xnq52,None,4
369pqq31,8qr9o50j,o1y9okr6,zd3xmmvd,None,61
369pqq31,8qr9o50j,o1y9okr6,zd3xmmvd,None,62
369pqq31,8qr9o50j,o1y9okr6,jdropold,None,12
369pqq31,8qr9o50j,o1y9okr6,w20xnq52,None,4
369pqq31,8qr9o50j,o6gql912,7dgrlmgk,None,5
369pqq31,8qr9o50j,o1y9okr6,zd3xmmvd,None,68
369pqq31,8qr9o50j,o1y9okr6,w2034452,None,8
369pqq31,8qr9o50j,o1y9okr6,w20xnq52,None,3
369pqq31,8qr9o50j,o1y9okr6,w20xnq52,None,6
369pqq31,8qr9o50j,o1y9okr6,zd3xmmvd,None,68
369pqq31,8qr9o50j,o1y9okr6,w20xnq52,None,6
369pqq31,8qr9o50j,o1y9okr6,zd3xmmvd,None,61
369pqq31,8qr9o50j,o1y9okr6,zdn8elnd,None,22
369pqq31,8qr9o50j,o1y9okr6,7kjgqe4k,None,4
369pqq31,8qr9o50j,o1y9okr6,w20xnq52,None,3
369pqq31,8qr9o50j,o1y9okr6,zd3xmmvd,None,66
369pqq31,8qr9o50j,o1y9okr6,jdzwxo3d,None,12
369pqq31,8qr9o50j,o1y9okr6,jdzwxo3d,None,6
369pqq31,8qr9o50j,o1y9okr6,jdzwxo3d,None,7
369pqq31,8qr9o50j,o1y9okr6,02qmjm9d,None,14
369pqq31,8qr9o50j,o1y9okr6,02qmjm9d,None,13
369pqq31,8qr9o50j,o1y9okr6,02qmjm9d,None,14
369pqq31,8qr9o50j,o1y9okr6,02qmjm9d,None,14
369pqq31,8qr9o50j,o1y9okr6,02qmjm9d,None,14
369pqq31,8qr9o50j,o1y9okr6,02qmjm9d,None,14
369pqq31,8qr9o50j,o1y9okr6,02qmjm9d,None,14
369pqq31,8qr9o50j,o1y9okr6,02qmjm9d,None,14
369pqq31,8qr9o50j,o1y9okr6,02qmjm9d,None,13
369pqq31,8qr9o50j,o1y9okr6,02qmjm9d,None,14
369pqq31,8qr9o50j,o1y9okr6,02qmjm9d,None,14
369pqq31,8qr9o50j,o1y9okr6,02qmjm9d,None,14
369pqq31,8qr9o50j,o1y9okr6,02qmjm9d,None,11
369pqq31,8qr9o50j,o1y9okr6,02qmjm9d,None,14
369pqq31,8qr9o50j,o1y9okr6,02qmjm9d,None,14
369pqq31,8qr9o50j,o1y9okr6,02qmjm9d,None,14
369pqq31,8qr9o50j,o1y9okr6,02qmjm9d,None,13
369pqq31,8qr9o50j,o1y9okr6,02qmjm9d,None,13
369pqq31,8qr9o50j,o1y9okr6,02qmjm9d,None,14
369pqq31,8qr9o50j,o1y9okr6,02qmjm9d,None,14
369pqq31,8qr9o50j,o1y9okr6,02qmjm9d,None,13
369pqq31,8qr9o50j,o1y9okr6,02qmjm9d,None,13
369pqq31,8qr9o50j,o1y9okr6,02qmjm9d,None,14
369pqq31,8qr9o50j,o1y9okr6,zd3xmmvd,None,30
369pqq31,8qr9o50j,o1y9okr6,zdn8elnd,None,17
369pqq31,8qr9o50j,o1y9okr6,zdn8elnd,None,18
369pqq31,8qr9o50j,o1y9okr6,zdn8elnd,None,22
369pqq31,8qr9o50j,o1y9okr6,zdn8elnd,None,18
369pqq31,8qr9o50j,o1y9okr6,zdn8elnd,None,18
369pqq31,8qr9o50j,o1y9okr6,zdn8elnd,None,18
369pqq31,8qr9o50j,o1y9okr6,zdn8elnd,None,19
369pqq31,8qr9o50j,o1y9okr6,zdn8elnd,None,22
369pqq31,8qr9o50j,o1y9okr6,zdn8elnd,None,19
369pqq31,8qr9o50j,369pqq31,82405jed,None,4
369pqq31,8qr9o50j,o1y9okr6,zdn8elnd,None,22
369pqq31,8qr9o50j,o1y9okr6,zd3xmmvd,None,67
369pqq31,8qr9o50j,o1y9okr6,zd3xmmvd,None,74
369pqq31,8qr9o50j,o1y9okr6,zd3xmmvd,None,81
369pqq31,8qr9o50j,o1y9okr6,zdn8elnd,None,5
369pqq31,8qr9o50j,o1y9okr6,zd3xmmvd,None,171
369pqq31,8qr9o50j,369pqq31,5dw66og2,None,7
369pqq31,8qr9o50j,o1y9okr6,zd3xmmvd,None,171
369pqq31,8qr9o50j,o1y9okr6,w20xnq52,None,6
369pqq31,8qr9o50j,o1y9okr6,zd3xmmvd,None,209
369pqq31,8qr9o50j,o1y9okr6,w20xnq52,None,4
369pqq31,8qr9o50j,o1y9okr6,zd3xmmvd,None,273
369pqq31,8qr9o50j,369pqq31,5dw66og2,None,3
369pqq31,8qr9o50j,o1y9okr6,zd3xmmvd,None,257
369pqq31,8qr9o50j,o1y9okr6,xd15e642,None,5
369pqq31,8qr9o50j,o1y9okr6,zd3xmmvd,None,75
369pqq31,8qr9o50j,o1y9okr6,w2034452,None,6
369pqq31,8qr9o50j,o1y9okr6,02qmjm9d,None,13
369pqq31,8qr9o50j,o1y9okr6,02qmjm9d,None,22
369pqq31,8qr9o50j,o1y9okr6,02qmjm9d,None,27
369pqq31,8qr9o50j,o1y9okr6,7kjgqe4k,None,4
369pqq31,8qr9o50j,o1y9okr6,zd3xmmvd,None,71
369pqq31,8qr9o50j,o1y9okr6,zd3xmmvd,None,187
369pqq31,8qr9o50j,o1y9okr6,w20xnq52,None,5
369pqq31,8qr9o50j,o1y9okr6,zd3xmmvd,None,380
369pqq31,8qr9o50j,o1y9okr6,zd3xmmvd,None,123
369pqq31,8qr9o50j,o1y9okr6,zd3xmmvd,None,259
369pqq31,8qr9o50j,o1y9okr6,w20xnq52,None,7
369pqq31,8qr9o50j,o1y9okr6,zd3xmmvd,None,277
369pqq31,8qr9o50j,o1y9okr6,zdn8elnd,None,18
369pqq31,8qr9o50j,o1y9okr6,zdn8elnd,None,19
369pqq31,8qr9o50j,369pqq31,q25j3vwd,None,4
369pqq31,8qr9o50j,o1y9okr6,zdn8elnd,None,48
369pqq31,8qr9o50j,369pqq31,82405jed,None,6
369pqq31,8qr9o50j,o1y9okr6,zdn8elnd,None,30
369pqq31,814godq8,o6gnzl81,n2ye118k,None,6
369pqq31,814godq8,369pqq31,5dw66og2,None,22
369pqq31,814godq8,o1y9okr6,zd3xmmvd,None,221
369pqq31,814godq8,o1y9okr6,jdropold,None,57
369pqq31,814godq8,o1y9okr6,zd3xmmvd,None,167
369pqq31,814godq8,o1y9okr6,zd3xmmvd,None,159
369pqq31,814godq8,o1y9okr6,zd3xmmvd,None,200
369pqq31,68wkdnl8,369pqq31,5dw66og2,None,4
369pqq31,68wkdnl8,o1y9okr6,zd3xmmvd,None,84
369pqq31,68wkdnl8,o1y9okr6,zd3xmmvd,None,80
369pqq31,68wkdnl8,o1y9okr6,zd3xmmvd,None,56
369pqq31,68wkdnl8,o1y9okr6,zd3xmmvd,None,59
369pqq31,68wkdnl8,o1y9okr6,zd3xmmvd,None,90
369pqq31,68wkdnl8,o1y9okr6,jdropold,None,30
369pqq31,68wkdnl8,o1y9okr6,zd3xmmvd,None,82
369pqq31,68wkdnl8,o1y9okr6,zd3xmmvd,None,88
369pqq31,68wkdnl8,o1y9okr6,zd3xmmvd,None,115
369pqq31,68wkdnl8,o1y9okr6,zd3xmmvd,None,112
369pqq31,68wkdnl8,o1y9okr6,zd3xmmvd,None,61
369pqq31,68wkdnl8,o1y9okr6,zdn8elnd,None,20
369pqq31,68wkdnl8,o1y9okr6,jdropold,None,47
369pqq31,68wkdnl8,o1y9okr6,zd3xmmvd,None,128
369pqq31,68wkdnl8,m1z3kxd0,7kjvp5gk,None,8
369pqq31,8en1opo8,o1y9okr6,zd3xmmvd,None,132
369pqq31,8en1opo8,o1y9okr6,zd3xmmvd,None,319
369pqq31,8en1opo8,o1y9okr6,zd3xmmvd,None,195
369pqq31,8en1opo8,o1y9okr6,zdn8elnd,None,30
369pqq31,8en1opo8,o1y9okr6,02qmjm9d,None,24
369pqq31,8en1opo8,369pqq31,5dw66og2,None,16
369pqq31,8en1opo8,o1y9okr6,zd3xmmvd,None,653
369pqq31,8en1opo8,o1y9okr6,zd3xmmvd,None,468
369pqq31,8en1opo8,o1y9okr6,zd3xmmvd,None,545
369pqq31,j4rg99l8,o1y9okr6,zd3xmmvd,None,91
369pqq31,j4rg99l8,o1y9okr6,9kv9gg82,None,26
369pqq31,j4rg99l8,o1y9okr6,jdzwxo3d,None,26
369pqq31,j4rg99l8,o1y9okr6,zd3xmmvd,None,95
369pqq31,j4rg99l8,o1y9okr6,jdzwxo3d,None,37
369pqq31,j4rg99l8,369pqq31,w20em85d,None,5
369pqq31,j4rg99l8,o1y9okr6,jdzwxo3d,None,43
369pqq31,jn9440dx,o1y9okr6,zd3xmmvd,None,51
369pqq31,jn9440dx,o1y9okr6,zd3xmmvd,None,62
369pqq31,jn9440dx,o1y9okr6,zd3xmmvd,None,80
369pqq31,jn9440dx,o1y9okr6,zd3xmmvd,None,70
369pqq31,jn9440dx,o1y9okr6,zd3xmmvd,None,99
369pqq31,jn9440dx,369pqq31,q25j3vwd,None,9
369pqq31,jn9440dx,o1y9okr6,zdn8elnd,None,45
369pqq31,j0n7p3m8,kdkmwg1m,7dgnjl24,None,90
369pqq31,j0n7p3m8,268e3p56,jdrxplxd,None,12
369pqq31,j0n7p3m8,j1llqye1,rkln3062,None,3
369pqq31,j0n7p3m8,y6545p8d,xk9g1gvd,ywe588qw,3
369pqq31,j0n7p3m8,j1llqye1,rkln3062,None,4
369pqq31,j0n7p3m8,j1llqye1,rkln3062,None,10
369pqq31,j0n7p3m8,2684podp,mke5p08k,None,75
369pqq31,j0n7p3m8,j1lljo71,wk60w5ok,o9x6lo79,1
369pqq31,j0n7p3m8,j1lljo71,wk60w5ok,495p8z4w,1
369pqq31,j0n7p3m8,j1lljo71,ndx7x7o2,None,2
369pqq31,j0n7p3m8,j1lljo71,wk60w5ok,rdqy1og9,1
369pqq31,j0n7p3m8,j1lljo71,wk60w5ok,gdrrqokd,2
369pqq31,j0n7p3m8,j1lljo71,wk60w5ok,5d7p3xed,1
369pqq31,j0n7p3m8,j1lljo71,wk60w5ok,nwl07zgw,1
369pqq31,j0n7p3m8,j1lljo71,wk60w5ok,ywe08349,1
369pqq31,j0n7p3m8,j1lljo71,wk60w5ok,69z7464w,2
369pqq31,j0n7p3m8,j1lljo71,wk60w5ok,r9g63n2w,1
369pqq31,j0n7p3m8,268wony6,jdzoqpr2,None,6
369pqq31,j0n7p3m8,268wony6,02q7q87d,None,6
369pqq31,j0n7p3m8,m1mx3nx6,wk6v6gqd,None,21
369pqq31,j0n7p3m8,yd4ljx1e,xk9g0zvd,None,32
369pqq31,j0n7p3m8,lde38ke6,824j0v32,None,7
369pqq31,j0n7p3m8,pd0wj421,7dgnqzp2,None,188
369pqq31,j0n7p3m8,m1mnog4d,n2ynj51k,None,7
369pqq31,j0n7p3m8,9do874o1,zdno4p72,None,1
369pqq31,j0n7p3m8,k6q4059d,8241w8e2,None,44
369pqq31,j0n7p3m8,o1y9okr6,zd3xmmvd,None,792
369pqq31,j0n7p3m8,o1y9okr6,zd3xmmvd,None,623
369pqq31,j0n7p3m8,o1y9okr6,zd3xmmvd,None,800
369pqq31,j0n7p3m8,369pqq31,q25j3vwd,None,11
369pqq31,j0n7p3m8,o1y9okr6,zd3xmmvd,None,889
369pqq31,j0n7p3m8,o1y9okr6,zd3xmmvd,None,908
369pqq31,j0n7p3m8,m1mx3nx6,zdnxlx92,None,1
369pqq31,j0n7p3m8,m1mx3nx6,ndx18ev2,None,5
369pqq31,j0n7p3m8,y65lw01e,xd1pq8d8,None,49
369pqq31,j0n7p3m8,k6qg0xdg,jdz6v9v2,None,75
369pqq31,j0n7p3m8,y65lw01e,zdnwmlqd,None,27
369pqq31,j0n7p3m8,o1y9zk26,w20vw6zk,None,178
369pqq31,j0n7p3m8,m1mx3nx6,wk6e7ge2,None,4
369pqq31,j0n7p3m8,m1mx3nx6,z27o78zd,None,5
369pqq31,x3qmw72j,o1y9okr6,w20xnq52,None,6
369pqq31,x3qmw72j,o1y9okr6,zd3xmmvd,None,428
369pqq31,x3qmw72j,o1y9okr6,zd3xmmvd,None,263
369pqq31,x3qmw72j,o1y9okr6,zd3xmmvd,None,511
369pqq31,x3qmw72j,o1y9okr6,zd3xmmvd,None,228
369pqq31,x3qmw72j,369pqq31,82405jed,None,5
369pqq31,x3qmw72j,o1y9okr6,zd3xmmvd,None,548
369pqq31,x3qmw72j,o1y9okr6,zd3xmmvd,None,195
369pqq31,x3wwr7kj,o1y9okr6,zd3xmmvd,None,74
369pqq31,x3wwr7kj,369pqq31,q25j3vwd,None,7
369pqq31,x3wwr7kj,o1y9okr6,zd3xmmvd,None,119
369pqq31,x3wwr7kj,o1y9okr6,zd3xmmvd,None,92
369pqq31,x3wwr7kj,o1y9okr6,zd3xmmvd,None,115
369pqq31,x3wwr7kj,o1y9okr6,w20xnq52,None,9
369pqq31,x3wwr7kj,o1y9okr6,zd3xmmvd,None,131
369pqq31,x3wwr7kj,o1y9okr6,zd3xmmvd,None,524
369pqq31,x3wwr7kj,o1y9okr6,zd3xmmvd,None,696
369pqq31,x3wwr7kj,o1y9okr6,zd3xmmvd,None,938
369pqq31,x721ze08,o1y9okr6,zd3xmmvd,None,35
369pqq31,x721ze08,o1y9okr6,zdn8elnd,None,1
369pqq31,x721ze08,o1y9okr6,zd3xmmvd,None,7
369pqq31,x721ze08,369pqq31,w20em85d,None,1
369pqq31,x721ze08,o1y9okr6,zd3xmmvd,None,15
369pqq31,x721ze08,o1y9okr6,jdzwxo3d,None,7
369pqq31,x721ze08,o1y9okr6,02qmjm9d,None,3
369pqq31,x721ze08,o1y9okr6,jdzwxo3d,None,43
369pqq31,x721ze08,o1y9okr6,jdzwxo3d,None,12
369pqq31,x721ze08,o1y9okr6,jdzwxo3d,None,25
369pqq31,x721ze08,o1y9okr6,jdzwxo3d,None,18
369pqq31,x721ze08,o1y9okr6,jdzwxo3d,None,12
369pqq31,x721ze08,o1y9okr6,02qmjm9d,None,11
369pqq31,x35wd46j,j1lq0mz6,wk66pppk,None,1
369pqq31,x35wd46j,yd4ojjg1,zdnlmee2,xd4rpp29,1
369pqq31,x35wd46j,yd4ojjg1,zdnlmee2,y9m10059,1
369pqq31,x35wd46j,yd4ojjg1,9kv9qoo2,None,1
369pqq31,x35wd46j,o1y9okr6,zd3xmmvd,None,251
369pqq31,x35wd46j,369pqq31,q25j3vwd,None,8
369pqq31,x35wd46j,o1y9okr6,zd3xmmvd,None,245
369pqq31,x35wd46j,9dowj231,zd376vv2,None,3
369pqq31,x35wd46j,3dx2eo51,824004ed,None,2
369pqq31,x35wd46j,o1y9k7k6,rklr546k,29vz3zld,1
369pqq31,x35wd46j,yd4ojjg1,zdnlmee2,owoq84od,1
369pqq31,x35wd46j,nd22xvd0,w20pq58k,None,500
369pqq31,x35wd46j,9dowj231,zd376vv2,None,3
369pqq31,x35wd46j,o1y9k7k6,rklr546k,xd4kjkrw,1
369pqq31,x35wd46j,o1y9k7k6,rklr546k,rdnq0q7d,1
369pqq31,x35wd46j,o1y9k7k6,rklr546k,ldy3y3r9,1
369pqq31,x35wd46j,o1y9k7k6,rklr546k,xd04g44w,1
369pqq31,x35wd46j,3dx2eo51,q25mm6jd,None,2
369pqq31,x35wd46j,3dx2eo51,824004ed,None,2
369pqq31,x35wd46j,yd4ojjg1,9kv9qoo2,None,8
369pqq31,x35wd46j,4pd0k21e,xd1m68d8,None,112
369pqq31,x35wd46j,o1y9k7k6,xk9vym6d,None,3
369pqq31,x35wd46j,o1y9wo6q,n2y55mko,None,1892
369pqq31,x35wd46j,m1mxx362,zd3ymr2n,None,364
369pqq31,8georwrj,3698wm8d,zd3jpe82,None,6
369pqq31,8georwrj,k6qw0zx6,02qelop2,None,1
369pqq31,8georwrj,k6qw0zx6,02qep1y2,None,1
369pqq31,8georwrj,o1y9okr6,zd3xmmvd,None,63
369pqq31,8georwrj,o6gn8xx1,rklno682,None,5
369pqq31,8georwrj,369pqq31,5dw66og2,None,1
369pqq31,8georwrj,o1y9okr6,jdropold,None,18
369pqq31,8georwrj,o1y9okr6,jdropold,None,18
369pqq31,8georwrj,o1y9okr6,9kv9gg82,None,5
369pqq31,8georwrj,j1nel5e1,02qm43jd,None,4
369pqq31,8georwrj,o1y9okr6,w2034452,None,21
369pqq31,8georwrj,o1y9okr6,zd3xmmvd,None,156
369pqq31,8georwrj,o1y9okr6,zd3xmmvd,None,462
369pqq31,8georwrj,369pqq31,82405jed,None,4
369pqq31,8georwrj,369pqq31,5dw66og2,None,6
369pqq31,8georwrj,369pqq31,5dw66og2,None,15
369pqq31,8georwrj,o1y9okr6,zd3xmmvd,None,53
369pqq31,8georwrj,o1y9okr6,zdn8elnd,None,2
369pqq31,8georwrj,o1y9okr6,zd3xmmvd,None,164
369pqq31,8georwrj,o1y9okr6,zd3xmmvd,None,16
369pqq31,8georwrj,o1y9okr6,w2034452,None,6
369pqq31,8georwrj,o1y9okr6,zd3xmmvd,None,76
369pqq31,8georwrj,o1y9okr6,zd3xmmvd,None,262
369pqq31,8georwrj,o1y9okr6,9d8e6j6d,None,2
369pqq31,8georwrj,o1y9okr6,9d8e6j3d,None,6
369pqq31,8georwrj,o1y9okr6,9kv6mjo2,None,2
369pqq31,8georwrj,o1y9okr6,9kv6mjo2,None,3
369pqq31,86vo073j,o1y9okr6,zd3xmmvd,None,43
369pqq31,86vo073j,o1y9okr6,zd3xmmvd,None,41
369pqq31,86vo073j,o1y9okr6,zd3xmmvd,None,2
369pqq31,86vo073j,o1y9okr6,zd3xmmvd,None,7
369pqq31,86vo073j,o1y9okr6,zd3xmmvd,None,51
369pqq31,86vo073j,3698wm8d,zd3jpe82,None,9
369pqq31,86vo073j,369pqq31,5dw66og2,None,2
369pqq31,86vo073j,o1y9okr6,zd3xmmvd,None,367
369pqq31,86vo073j,o1y9okr6,zd3xmmvd,None,374
369pqq31,86vo073j,o1y9okr6,zd3xmmvd,None,217
369pqq31,86vo073j,o1y9okr6,9kv9gg82,None,3
369pqq31,86vo073j,o1y9okr6,zd3xmmvd,None,268
369pqq31,86vo073j,o1y9okr6,zd3xmmvd,None,245
369pqq31,86vo073j,o1y9okr6,zd3xmmvd,None,69
369pqq31,86vo073j,w6j7gw46,wdm50j52,gdrrzn8d,31
369pqq31,86vo073j,9do88n71,9kvqgy0d,None,3
369pqq31,86vo073j,o1y9okr6,9kv9gg82,None,5
369pqq31,86vo073j,o1y9okr6,02qmjm9d,None,9
369pqq31,86vo073j,o1y9okr6,w2034452,None,14
369pqq31,86vo073j,o1y9okr6,jdropold,None,17
369pqq31,86vo073j,o1y9okr6,02qmjm9d,None,39
369pqq31,86vo073j,o1y9okr6,02qmjm9d,None,29
369pqq31,86vo073j,o1y9okr6,zd3xmmvd,None,589
369pqq31,86vo073j,o1y9okr6,zd3xmmvd,None,435
369pqq31,86vo073j,o1y9okr6,zd3xmmvd,None,244
369pqq31,86vo073j,o1y9okr6,zd3xmmvd,None,151
369pqq31,y8dzooj6,nd22xvd0,w20pq58k,None,1203
369pqq31,y8dzooj6,nd2em5rd,z2749yg2,None,3
369pqq31,y8dzooj6,ldevke13,xk9nl1v2,None,1
369pqq31,y8dzooj6,ldevke13,7kjqr43d,None,2
369pqq31,y8dzooj6,v1ppq818,02q8xzj2,None,67
369pqq31,y8dzooj6,4pd0n31e,n2yq98ko,None,536
369pqq31,y8dzooj6,4pd0n31e,7wkp6v2r,None,903
369pqq31,y8dzooj6,o1y9okr6,w20xnq52,None,10
369pqq31,y8dzooj6,o1y9okr6,jdropold,None,39
369pqq31,y8dzooj6,o1y9okr6,w20xnq52,None,16
369pqq31,y8dzooj6,o1y9okr6,w20xnq52,None,10
369pqq31,y8dzooj6,4d7nzg67,7kjqwzd3,None,25
369pqq31,y8dzooj6,o6gnzl81,n2ye118k,None,8
369pqq31,y8dzooj6,369pqq31,5dw66og2,None,20
369pqq31,y8dzooj6,o1y9okr6,jdropold,None,70
369pqq31,y8dzooj6,3dx0jgdy,xd1xzrk8,None,12
369pqq31,y8dzooj6,3dx0jgdy,9d8wz7dn,None,5
369pqq31,y8dzooj6,o1y9okr6,zd3xmmvd,None,702
369pqq31,y8dzooj6,369pqq31,5dw66og2,None,22
369pqq31,y8dzooj6,w6jlkoed,z2716302,29v5pr3d,8
369pqq31,y8dzooj6,o1y9okr6,zd3xmmvd,None,955
369pqq31,y8dzooj6,yd4ylpde,zd30zjnd,None,3
369pqq31,y8dzooj6,m1zmz260,mkeoj8nd,None,8
369pqq31,xyrmz7yj,o1y9okr6,9kv9gg82,None,36
369pqq31,xyrmz7yj,369pqq31,82405jed,None,12
369pqq31,xyrmz7yj,o1y9okr6,zd3xmmvd,None,967
369pqq31,xyrmz7yj,o1y9okr6,zdn8elnd,None,68
369pqq31,x7276008,369pqq31,5dw66og2,None,2
369pqq31,x7276008,o1y9okr6,zd3xmmvd,None,17
369pqq31,x7276008,o1y9okr6,zd3xmmvd,None,80
369pqq31,x7276008,369pqq31,5dw66og2,None,1
369pqq31,x7276008,o1y9okr6,zd3xmmvd,None,22
369pqq31,x7276008,369pqq31,q25j3vwd,None,3
369pqq31,x7276008,o1y9okr6,zd3xmmvd,None,94
369pqq31,x7276008,o1y9okr6,zd3xmmvd,None,66
369pqq31,x7276008,369pqq31,q25j3vwd,None,3
369pqq31,x7276008,o1y9okr6,zdn8elnd,None,19
369pqq31,x7276008,o1y9okr6,zd3xmmvd,None,81
369pqq31,x7276008,369pqq31,5dw66og2,None,4
369pqq31,x7276008,o1y9okr6,w20xnq52,None,13
369pqq31,x7276008,o1y9okr6,zd3xmmvd,None,87
369pqq31,x7276008,o1y9okr6,zd3xmmvd,None,86
369pqq31,x7276008,o1y9okr6,zd3xmmvd,None,68
369pqq31,x7276008,o1y9okr6,jdzwxo3d,None,12
369pqq31,x7276008,369pqq31,82405jed,None,2
369pqq31,x7276008,o1y9okr6,zd3xmmvd,None,5
369pqq31,x7276008,o1y9okr6,zd3xmmvd,None,128
369pqq31,x7276008,o1y9okr6,zdn8elnd,None,19
369pqq31,x7276008,o1y9okr6,zd3xmmvd,None,112
369pqq31,x7276008,o1y9okr6,zd3xmmvd,None,59
369pqq31,x7276008,o1y9okr6,zd3xmmvd,None,469
369pqq31,x7276008,o1y9okr6,w20xnq52,None,9
369pqq31,x7276008,o1y9okr6,zd3xmmvd,None,215
369pqq31,x7276008,369pqq31,5dw66og2,None,13
369pqq31,x7276008,369pqq31,5dw66og2,None,16
369pqq31,x7276008,369pqq31,5dw66og2,None,13
369pqq31,8d3ppelx,o1y9okr6,02qmjm9d,None,28
369pqq31,8d3ppelx,369pqq31,5dw66og2,None,17
369pqq31,8d3ppelx,369pqq31,q25j3vwd,None,7
369pqq31,8d3ppelx,o1y9okr6,zdn8elnd,None,37
369pqq31,8d3ppelx,o6glep8d,jdrlox5d,rw6mkpn9,2
369pqq31,8d3ppelx,o6glep8d,jdrlox5d,xd4kv70w,2
369pqq31,8d3ppelx,o6glep8d,jdrlox5d,z98m2vgw,3
369pqq31,8d3ppelx,o6glep8d,jdrlox5d,n93m25nd,2
369pqq31,8d3ppelx,o6glep8d,jdrlox5d,ldy347j9,4
369pqq31,8d3ppelx,o6glep8d,jdrlox5d,z98m2v7w,1
369pqq31,8d3ppelx,o6glep8d,jdrlox5d,rdnqkjnd,3
369pqq31,8d3ppelx,o6glep8d,jdrlox5d,xd04vr0w,4
369pqq31,8d3ppelx,o6glep8d,jdrlox5d,5924v2gw,8
369pqq31,8d3ppelx,o6glep8d,jdrlox5d,ldy347k9,3
369pqq31,8d3ppelx,o6glep8d,jdrlox5d,rdnqkjqd,3
369pqq31,8d3ppelx,o6glep8d,jdzw68gd,29vz1e1d,1
369pqq31,8d3ppelx,o6glep8d,jdrlox5d,29vz1e1d,3
369pqq31,j965o3vj,369pqq31,5dw66og2,None,8
369pqq31,j965o3vj,o1y9okr6,zd3xmmvd,None,501
369pqq31,j965o3vj,o1y9okr6,zd3xmmvd,None,903
369pqq31,8e9k1yoj,76r3q246,824exj3k,495ezrj9,1
369pqq31,8e9k1yoj,o1y9okr6,zd3xmmvd,None,1
369pqq31,8e9k1yoj,3698wm8d,9kv8wzod,None,1
369pqq31,8e9k1yoj,pdv27nv6,9kvr8682,None,9
369pqq31,8e9k1yoj,ldejgxl1,rkl0q0wk,None,1
369pqq31,8e9k1yoj,3698wm8d,zd3jpe82,None,1
369pqq31,8e9k1yoj,ldejgxl1,jdrwxn0k,None,1
369pqq31,8e9k1yoj,ldejgxl1,jdrwxn0k,None,1
369pqq31,8e9k1yoj,o1y9okr6,zd3xmmvd,None,16
369pqq31,8e9k1yoj,3698wm8d,zd3jpe82,None,5
369pqq31,8e9k1yoj,o1y9okr6,zd3xmmvd,None,1
369pqq31,8e9k1yoj,o1y9okr6,zd3xmmvd,None,27
369pqq31,8e9k1yoj,o1y9okr6,zd3xmmvd,None,54
369pqq31,8e9k1yoj,o1y9okr6,zd3xmmvd,None,56
369pqq31,8e9k1yoj,o1y9okr6,zd3xmmvd,None,51
369pqq31,8e9k1yoj,o1y9okr6,jdropold,None,15
369pqq31,8e9k1yoj,o1y9okr6,9kv9gg82,None,2
369pqq31,8e9k1yoj,pdv7wkdw,824pr1w2,None,14
369pqq31,8e9k1yoj,o1y9okr6,zd3xmmvd,None,3
369pqq31,8e9k1yoj,o1y9okr6,zd3xmmvd,None,112
369pqq31,8e9k1yoj,369pqq31,5dw66og2,None,9
369pqq31,8e9k1yoj,76rqmld8,02q8o4p2,None,51
369pqq31,8e9k1yoj,o6gnzl81,n2ye118k,None,2
369pqq31,8e9k1yoj,o1y9okr6,9kv9gg82,None,3
369pqq31,8e9k1yoj,kdkm421m,xd1gj7d8,None,6
369pqq31,8e9k1yoj,o1y9okr6,w2034452,None,10
369pqq31,8e9k1yoj,o1y9okr6,jdropold,None,27
369pqq31,8e9k1yoj,o1y9okr6,zd3xmmvd,None,9
369pqq31,8e9k1yoj,o1y9okr6,zd3xmmvd,None,69
369pqq31,8e9k1yoj,o1y9okr6,w2034452,None,5
369pqq31,8e9k1yoj,o1y9okr6,zd3xmmvd,None,45
369pqq31,8e9k1yoj,o1y9okr6,9d8e6j3d,None,2
369pqq31,8e9k1yoj,o1y9okr6,9d8e6j6d,None,1
369pqq31,8e9k1yoj,o1y9okr6,9kv6mjo2,None,1
369pqq31,8e9k1yoj,o1y9okr6,xd14e37d,None,1
369pqq31,8e9k1yoj,o1y9okr6,9kv6mjo2,None,1
369pqq31,8e9k1yoj,m1zxy3d0,jdz3z5v2,None,2
369pqq31,8e9k1yoj,o1y9okr6,9d8e6j3d,None,2
369pqq31,8e9k1yoj,m1zxy3d0,xd1mve8d,None,1
369pqq31,8e9k1yoj,m1zxy3d0,9d8v36qk,None,2
369pqq31,8e9k1yoj,m1zxy3d0,824p0632,None,1
369pqq31,8e9k1yoj,m1zxy3d0,02qjvozd,None,1
369pqq31,8e9k1yoj,o1y9okr6,9d8e6j6d,None,1
369pqq31,8e9k1yoj,o1y9okr6,9kv6mjo2,None,1
369pqq31,qxkg9emj,kdkmk8l1,zd35yxek,None,8
369pqq31,qxkg9emj,76r33oq6,7dgyo37d,None,4
369pqq31,qxkg9emj,76r33oq6,7dgyo37d,None,1
369pqq31,qxkg9emj,j1lqq2e6,02q9x6pk,None,21
369pqq31,qxkg9emj,o1y9okr6,zd3xmmvd,None,962
369pqq31,qxkg9emj,o1y9okr6,zd3xmmvd,None,325
369pqq31,qxkg9emj,o1y9okr6,zd3xmmvd,None,312
369pqq31,qxkg9emj,369pqq31,82405jed,None,8
369pqq31,qxkg9emj,o1y9okr6,zd3xmmvd,None,325
369pqq31,qxkg9emj,j1lk5v6g,9kvopxo2,None,2
369pqq31,qxkg9emj,j1lk5v6g,9kvopxo2,None,2
369pqq31,qxkg9emj,m1zjpl36,zd3xe48d,z98m4opw,7
369pqq31,qxkg9emj,j1llqye1,rklj68qd,None,89
369pqq31,qxkg9emj,9d35nw1l,wkpjq1gk,y9m7z195,8
369pqq31,qxkg9emj,nd2er3ed,9kvyy7ok,xd42q2rw,28
369pqq31,qxkg9emj,9d35nw1l,wkpjq1gk,xd1k16wo,13
369pqq31,qxkg9emj,268xm51p,q25o0lwk,None,15
369pqq31,qxkg9emj,nd2er3ed,9kvyy7ok,n93n1pzw,23
369pqq31,qxkg9emj,nd2er3ed,9kvyy7ok,29v7o7l9,38
369pqq31,qxkg9emj,268xm51p,5dw4xp5k,None,18
369pqq31,qxkg9emj,nd2er3ed,9kvyy7ok,592qxq39,210
369pqq31,qxkg9emj,m1z54210,ndxjp812,rw60m7w7,10
369pqq31,qxkg9emj,o1y9j9v6,5dw5q7gd,ywe5zq7w,148
369pqq31,qxkg9emj,o1y9j9v6,7dgr144k,o9x7mxpd,345
369pqq31,qxkg9emj,o1y9j9v6,7dgr144k,ywe5zq7w,1583
369pqq31,qxkg9emj,o1y9j9v6,mkezwq9k,ywe5zq7w,80
369pqq31,qxkg9emj,o1y9j9v6,7dgr144k,69z2m8g9,631
369pqq31,qxkg9emj,4d799vn1,wkpo1m02,None,9
369pqq31,qxkg9emj,4d799vn1,jdrxl8xd,None,50
369pqq31,qxkg9emj,4d799vn1,wkpo1m02,None,15
369pqq31,qxkg9emj,4d799vn1,wkpo1m02,None,15
369pqq31,qxkg9emj,4d799vn1,wkpo1m02,None,10
369pqq31,xk3y7e78,k6qwp296,824lv7gd,None,30
369pqq31,xk3y7e78,o1y9okr6,9kv9gg82,None,50
369pqq31,xk3y7e78,o1y9okr6,zd3xmmvd,None,443
369pqq31,xk3y7e78,369pqq31,82405jed,None,10
369pqq31,xk3y7e78,o1y9okr6,zd3xmmvd,None,910
369pqq31,86v2e33j,o1y9okr6,zd3xmmvd,None,51
369pqq31,86v2e33j,o1y9okr6,zd3xmmvd,None,24
369pqq31,86v2e33j,o1y9okr6,zd3xmmvd,None,18
369pqq31,86v2e33j,o1y9okr6,zd3xmmvd,None,43
369pqq31,86v2e33j,o1y9okr6,zd3xmmvd,None,29
369pqq31,86v2e33j,o1y9okr6,zd3xmmvd,None,40
369pqq31,86v2e33j,o1y9okr6,zd3xmmvd,None,35
369pqq31,86v2e33j,o1y9okr6,zd3xmmvd,None,43
369pqq31,86v2e33j,o1y9okr6,zd3xmmvd,None,24
369pqq31,86v2e33j,o1y9okr6,zd3xmmvd,None,35
369pqq31,86v2e33j,o1y9okr6,zd3xmmvd,None,24
369pqq31,86v2e33j,o1y9okr6,zd3xmmvd,None,30
369pqq31,86v2e33j,o1y9okr6,zd3xmmvd,None,79
369pqq31,86v2e33j,o1y9okr6,zd3xmmvd,None,30
369pqq31,86v2e33j,o1y9okr6,zd3xmmvd,None,38
369pqq31,86v2e33j,o1y9okr6,zd3xmmvd,None,56
369pqq31,86v2e33j,o1y9okr6,zd3xmmvd,None,13
369pqq31,86v2e33j,o1y9okr6,zdn8elnd,None,6
369pqq31,86v2e33j,o1y9okr6,zd3xmmvd,None,57
369pqq31,86v2e33j,o1y9okr6,w20xnq52,None,4
369pqq31,86v2e33j,o1y9okr6,w20xnq52,None,3
369pqq31,86v2e33j,o1y9okr6,w2034452,None,9
369pqq31,86v2e33j,o1y9okr6,zd3xmmvd,None,52
369pqq31,86v2e33j,o1y9okr6,jdzwxo3d,None,29
369pqq31,86v2e33j,369pqq31,5dw66og2,None,3
369pqq31,86v2e33j,o1y9okr6,w20xnq52,None,7
369pqq31,86v2e33j,o1y9okr6,9kv9gg82,None,22
369pqq31,86v2e33j,369pqq31,5dw66og2,None,13
369pqq31,86v2e33j,o1y9okr6,w20xnq52,None,6
369pqq31,86v2e33j,o1y9okr6,zd3xmmvd,None,57
369pqq31,86v2e33j,o1y9okr6,jdropold,None,13
369pqq31,86v2e33j,o1y9okr6,zd3xmmvd,None,64
369pqq31,j262pepx,o1y9okr6,zdn8elnd,None,18
369pqq31,j262pepx,o1y9okr6,zd3xmmvd,None,66
369pqq31,j262pepx,o1y9okr6,zd3xmmvd,None,67
369pqq31,j262pepx,369pqq31,q25j3vwd,None,6
369pqq31,j262pepx,o1y9okr6,zd3xmmvd,None,119
369pqq31,j262pepx,o1y9okr6,zd3xmmvd,None,135
369pqq31,j262pepx,o1y9okr6,zd3xmmvd,None,119
369pqq31,j262pepx,o1y9okr6,zd3xmmvd,None,123
369pqq31,j262pepx,o1y9okr6,zd3xmmvd,None,119
369pqq31,j262pepx,o1y9okr6,zd3xmmvd,None,471
369pqq31,j262pepx,o1y9okr6,zd3xmmvd,None,96
369pqq31,j262pepx,o1y9okr6,zd3xmmvd,None,633
369pqq31,j262pepx,o1y9okr6,zd3xmmvd,None,428
369pqq31,j262pepx,o1y9okr6,zd3xmmvd,None,501
369pqq31,x35kne2j,9d3rv59d,jdre5jgk,None,1
369pqq31,x35kne2j,j1n83gl1,jdrw7rnk,None,5
369pqq31,x35kne2j,j1n83gl1,02qel472,None,2
369pqq31,x35kne2j,j1n83gl1,jdzrvlr2,None,4
369pqq31,x35kne2j,o1y9okr6,zd3xmmvd,None,653
369pqq31,x35kne2j,o1y9okr6,zd3xmmvd,None,1037
369pqq31,x35kne2j,369pqq31,5dw66og2,None,6
369pqq31,x35kne2j,o1y9okr6,zd3xmmvd,None,263
369pqq31,x35kne2j,nd28g0ed,xk9w4rx2,None,1
369pqq31,x35kne2j,nd28g0ed,rkl56rw2,None,8
369pqq31,x35kne2j,nd28g0ed,rkl56rw2,None,22
369pqq31,x35kne2j,o1y9okr6,zd3xmmvd,None,633
369pqq31,x35kne2j,o1y9okr6,w20xnq52,None,22
369pqq31,x35kne2j,nd28g0ed,7kjge3gk,None,14
369pqq31,x35kne2j,o1y9okr6,zd3xmmvd,None,428
369pqq31,x35kne2j,o1y9okr6,xd15e642,None,6
369pqq31,x35kne2j,o1y9okr6,zd3xmmvd,None,517
369pqq31,x35kne2j,o1y9okr6,zd3xmmvd,None,600
369pqq31,x35kne2j,o1y9okr6,w2034452,None,31
369pqq31,x35kne2j,369pqq31,5dw66og2,None,21
369pqq31,x35kne2j,369pqq31,5dw66og2,None,24
369pqq31,xyr5mkmj,yd4o0z51,7kjl07x2,None,6
369pqq31,xyr5mkmj,369pqq31,q25j3vwd,None,12
369pqq31,xyr5mkmj,o1y9okr6,zd3xmmvd,None,640
369pqq31,8qznkwo8,o1y9okr6,zd3xmmvd,None,6
369pqq31,8qznkwo8,o1y9okr6,zdn8elnd,None,2
369pqq31,8qznkwo8,o1y9okr6,02qmjm9d,None,4
369pqq31,8qznkwo8,o1y9okr6,zd3xmmvd,None,68
369pqq31,8qznkwo8,o1y9okr6,zd3xmmvd,None,14
369pqq31,8qznkwo8,o1y9okr6,zd3xmmvd,None,2
369pqq31,8qznkwo8,o1y9okr6,zd3xmmvd,None,33
369pqq31,8qznkwo8,o1y9okr6,zd3xmmvd,None,35
369pqq31,8qznkwo8,o1y9okr6,zd3xmmvd,None,49
369pqq31,8qznkwo8,o1y9okr6,02qmjm9d,None,13
369pqq31,8qznkwo8,o1y9okr6,02qmjm9d,None,14
369pqq31,8qznkwo8,o1y9okr6,02qmjm9d,None,13
369pqq31,8qznkwo8,o1y9okr6,02qmjm9d,None,13
369pqq31,8qznkwo8,o1y9okr6,zd3xmmvd,None,15
369pqq31,8qznkwo8,o1y9okr6,zd3xmmvd,None,35
369pqq31,8qznkwo8,o1y9okr6,w20xnq52,None,10
369pqq31,8qznkwo8,369pqq31,82405jed,None,2
369pqq31,8qznkwo8,o1y9okr6,zdn8elnd,None,5
369pqq31,8qznkwo8,o1y9okr6,7kjgqe4k,None,7
369pqq31,8qznkwo8,o1y9okr6,jdropold,None,22
369pqq31,8qznkwo8,o1y9okr6,jdzwxo3d,None,9
369pqq31,8qznkwo8,o1y9okr6,zd3xmmvd,None,94
369pqq31,8qznkwo8,o1y9okr6,zdn8elnd,None,12
369pqq31,8qznkwo8,o1y9okr6,zd3xmmvd,None,90
369pqq31,8qznkwo8,o1y9okr6,zd3xmmvd,None,106
369pqq31,8qznkwo8,o1y9okr6,zd3xmmvd,None,85
369pqq31,8qznkwo8,o1y9okr6,jdzwxo3d,None,13
369pqq31,8qznkwo8,o1y9okr6,jdzwxo3d,None,17
369pqq31,8qznkwo8,o1y9okr6,jdzwxo3d,None,13
369pqq31,8qznkwo8,o1y9okr6,jdzwxo3d,None,15
369pqq31,8qznkwo8,o1y9okr6,jdzwxo3d,None,12
369pqq31,8qznkwo8,o1y9okr6,jdzwxo3d,None,16
369pqq31,8qznkwo8,o1y9okr6,jdzwxo3d,None,18
369pqq31,8qznkwo8,o1y9okr6,jdzwxo3d,None,17
369pqq31,8qznkwo8,o1y9okr6,jdzwxo3d,None,17
369pqq31,8qznkwo8,o1y9okr6,jdzwxo3d,None,18
369pqq31,8qznkwo8,o1y9okr6,jdzwxo3d,None,12
369pqq31,8qznkwo8,o1y9okr6,jdzwxo3d,None,15
369pqq31,8qznkwo8,o1y9okr6,jdzwxo3d,None,15
369pqq31,8qznkwo8,o1y9okr6,jdzwxo3d,None,18
369pqq31,8qznkwo8,o1y9okr6,jdzwxo3d,None,16
369pqq31,8qznkwo8,o1y9okr6,jdzwxo3d,None,12
369pqq31,8qznkwo8,o1y9okr6,zd3xmmvd,None,64
369pqq31,8qznkwo8,o1y9okr6,zd3xmmvd,None,81
369pqq31,8qznkwo8,o1y9okr6,zd3xmmvd,None,118
369pqq31,8qznkwo8,o1y9okr6,zd3xmmvd,None,92
369pqq31,8qznkwo8,o1y9okr6,zd3xmmvd,None,74
369pqq31,8qznkwo8,o1y9okr6,zd3xmmvd,None,119
369pqq31,8qznkwo8,o1y9okr6,zdn8elnd,None,17
369pqq31,8qznkwo8,o1y9okr6,zdn8elnd,None,16
369pqq31,8qznkwo8,369pqq31,q25j3vwd,None,8
369pqq31,8qznkwo8,o1y9okr6,02qmjm9d,None,15
369pqq31,8qznkwo8,o1y9okr6,zd3xmmvd,None,422
369pqq31,8qznkwo8,o1y9okr6,zd3xmmvd,None,731
369pqq31,8qznkwo8,o1y9okr6,zd3xmmvd,None,740
369pqq31,8qznkwo8,o1y9okr6,zd3xmmvd,None,351
369pqq31,8qznkwo8,o1y9okr6,zd3xmmvd,None,562
369pqq31,8qznkwo8,o1y9okr6,zd3xmmvd,None,695
369pqq31,8qznkwo8,o1y9okr6,zd3xmmvd,None,853
369pqq31,8qznkwo8,o1y9okr6,zd3xmmvd,None,827
369pqq31,8qznkwo8,369p0r31,jdrl8znd,None,167
369pqq31,8qznkwo8,369p0r31,9kv91lo2,None,123
369pqq31,8qznkwo8,369p0r31,xd1vzq7d,None,86
369pqq31,8qznkwo8,369p0r31,rkl3o68k,None,80
369pqq31,8qznkwo8,kdk4e21m,zd3yzvn2,None,6
369pqq31,8qznkwo8,kdk4e21m,7kjr0gg2,None,8
369pqq31,x72y6508,o1y9okr6,zdn8elnd,None,9
369pqq31,x72y6508,o1y9okr6,zd3xmmvd,None,10
369pqq31,x72y6508,369pqq31,q25j3vwd,None,1
369pqq31,x72y6508,o1y9okr6,zd3xmmvd,None,8
369pqq31,x72y6508,o1y9okr6,zd3xmmvd,None,43
369pqq31,x72y6508,o1y9okr6,zd3xmmvd,None,40
369pqq31,x72y6508,o1y9okr6,zd3xmmvd,None,51
369pqq31,x72y6508,369pqq31,q25j3vwd,None,1
369pqq31,x72y6508,o1y9okr6,zd3xmmvd,None,47
369pqq31,x72y6508,o1y9okr6,zd3xmmvd,None,33
369pqq31,x72y6508,o1y9okr6,zd3xmmvd,None,41
369pqq31,x72y6508,o1y9okr6,zd3xmmvd,None,33
369pqq31,x72y6508,o1y9okr6,zd3xmmvd,None,31
369pqq31,x72y6508,o1y9okr6,zd3xmmvd,None,54
369pqq31,x72y6508,o1y9okr6,zd3xmmvd,None,29
369pqq31,x72y6508,o1y9okr6,zd3xmmvd,None,61
369pqq31,x72y6508,o1y9okr6,zd3xmmvd,None,57
369pqq31,x72y6508,o1y9okr6,zd3xmmvd,None,30
369pqq31,x72y6508,o1y9okr6,jdropold,None,28
369pqq31,x72y6508,o1y9okr6,zd3xmmvd,None,210
369pqq31,x72y6508,o1y9okr6,zd3xmmvd,None,181
369pqq31,x72y6508,o1y9okr6,zd3xmmvd,None,82
369pqq31,x72y6508,o1y9okr6,zd3xmmvd,None,273
369pqq31,x72y6508,o1y9okr6,zd3xmmvd,None,699
369pqq31,jmlm74n8,o1y9okr6,zd3xmmvd,None,135
369pqq31,jmlm74n8,369pqq31,q25j3vwd,None,10
369pqq31,x7wqmgq8,369pqq31,w20em85d,None,1
369pqq31,x7wqmgq8,o1y9okr6,zd3xmmvd,None,723
369pqq31,x7wqmgq8,369pqq31,w20em85d,None,2
369pqq31,8dw21v9j,o1y9okr6,zd3xmmvd,None,443
369pqq31,8dw21v9j,o1y9okr6,zd3xmmvd,None,371
369pqq31,8dw21v9j,o1y9okr6,zd3xmmvd,None,348
369pqq31,8dw21v9j,o1y9okr6,zd3xmmvd,None,401
369pqq31,8dw21v9j,o1y9okr6,zd3xmmvd,None,88
369pqq31,8dw21v9j,o1y9okr6,w20xnq52,None,8
369pqq31,8dw21v9j,o1y9okr6,w20xnq52,None,8
369pqq31,8dw21v9j,o1y9okr6,zd3xmmvd,None,461
369pqq31,8dw21v9j,o1y9okr6,zd3xmmvd,None,253
369pqq31,8dw21v9j,o1y9okr6,zd3xmmvd,None,308
369pqq31,8dw21v9j,o1y9okr6,zd3xmmvd,None,311
369pqq31,8dw21v9j,o1y9okr6,zd3xmmvd,None,273
369pqq31,8dw21v9j,o1y9okr6,zd3xmmvd,None,259
369pqq31,8dw21v9j,o1y9okr6,zd3xmmvd,None,287
369pqq31,8dw21v9j,o1y9okr6,zd3xmmvd,None,517
369pqq31,8dw21v9j,o1y9okr6,jdropold,None,51
369pqq31,8dw21v9j,o1y9okr6,zd3xmmvd,None,389
369pqq31,8dw21v9j,o1y9okr6,zd3xmmvd,None,325
369pqq31,8dw21v9j,o1y9okr6,zd3xmmvd,None,179
369pqq31,8dw21v9j,o1y9okr6,02qmjm9d,None,39
369pqq31,8dw21v9j,369pqq31,82405jed,None,1
369pqq31,8dw21v9j,o1y9okr6,zd3xmmvd,None,119
369pqq31,8dw21v9j,o1y9okr6,zd3xmmvd,None,58
369pqq31,8dw21v9j,o1y9okr6,zdn8elnd,None,3
369pqq31,jopl9l7x,369pqq31,w20em85d,None,1
369pqq31,jopl9l7x,o1y9okr6,zd3xmmvd,None,120
369pqq31,jopl9l7x,o1y9okr6,jdzwxo3d,None,44
369pqq31,jopl9l7x,ok6qyzdg,zdnwgxdq,None,7
369pqq31,jopl9l7x,o1y9okr6,02qmjm9d,None,29
369pqq31,jopl9l7x,o1y9okr6,zdn8elnd,None,51
369pqq31,xkm1nd6j,369pqq31,w20em85d,None,3
369pqq31,xkm1nd6j,o1y9okr6,zd3xmmvd,None,41
369pqq31,xkm1nd6j,o1y9okr6,zdn8elnd,None,14
369pqq31,xkm1nd6j,o1y9okr6,zd3xmmvd,None,51
369pqq31,xkm1nd6j,o1y9okr6,zd3xmmvd,None,173
369pqq31,xko2qmm8,o1y9okr6,zd3xmmvd,None,24
369pqq31,xko2qmm8,o1y9okr6,jdropold,None,20
369pqq31,xko2qmm8,o1y9okr6,zd3xmmvd,None,65
369pqq31,xko2qmm8,o1y9okr6,9kv9gg82,None,14
369pqq31,xko2qmm8,o1y9okr6,zd3xmmvd,None,77
369pqq31,xko2qmm8,o1y9okr6,w2034452,None,4
369pqq31,xko2qmm8,369pqq31,82405jed,None,3
369pqq31,xko2qmm8,o1y9okr6,zd3xmmvd,None,122
369pqq31,xko2qmm8,o1y9okr6,zd3xmmvd,None,106
369pqq31,xko2qmm8,o1y9okr6,zd3xmmvd,None,68
369pqq31,xko2qmm8,o1y9okr6,9d8e6j3d,None,3
369pqq31,xko2qmm8,o1y9okr6,9kv6mjo2,None,4
369pqq31,j0n57z98,369pqq31,5dw66og2,None,14
369pqq31,j0n57z98,o1y9okr6,zd3xmmvd,None,195
369pqq31,j0n57z98,o1y9okr6,zd3xmmvd,None,34
369pqq31,j2w0q3nj,369pqq31,q25j3vwd,None,4
369pqq31,j2w0q3nj,o1y9okr6,zd3xmmvd,None,228
369pqq31,j92mqew8,o1y9okr6,zd3xmmvd,None,30
369pqq31,j92mqew8,o1y9okr6,zd3xmmvd,None,69
369pqq31,j92mqew8,o1y9okr6,zd3xmmvd,None,33
369pqq31,j92mqew8,o1y9okr6,zd3xmmvd,None,64
369pqq31,j92mqew8,369pqq31,82405jed,None,1
369pqq31,j92mqew8,o1y9okr6,w20xnq52,None,12
369pqq31,j92mqew8,o1y9okr6,zd3xmmvd,None,61
369pqq31,j92mqew8,o1y9okr6,zd3xmmvd,None,56
369pqq31,j92mqew8,o1y9okr6,zd3xmmvd,None,68
369pqq31,j92mqew8,o1y9okr6,zd3xmmvd,None,89
369pqq31,j92mqew8,o1y9okr6,zd3xmmvd,None,88
369pqq31,j92mqew8,o1y9okr6,zd3xmmvd,None,43
369pqq31,j92mqew8,o1y9okr6,zd3xmmvd,None,81
369pqq31,j92mqew8,o1y9okr6,zd3xmmvd,None,52
369pqq31,j92mqew8,o1y9okr6,zd3xmmvd,None,98
369pqq31,j92mqew8,369pqq31,82405jed,None,3
369pqq31,j92mqew8,o1y9okr6,zd3xmmvd,None,245
369pqq31,j92mqew8,o1y9okr6,jdropold,None,32
369pqq31,j92mqew8,o1y9okr6,zd3xmmvd,None,75
369pqq31,j92mqew8,o1y9okr6,zd3xmmvd,None,99
369pqq31,j92mqew8,o1y9okr6,zd3xmmvd,None,50
369pqq31,j92mqew8,o1y9okr6,zd3xmmvd,None,171
369pqq31,j92mqew8,o1y9okr6,zd3xmmvd,None,69
369pqq31,j92mqew8,o1y9okr6,zd3xmmvd,None,188
369pqq31,j92mqew8,o1y9okr6,jdropold,None,48
369pqq31,j92mqew8,o1y9okr6,w20xnq52,None,9
369pqq31,j92mqew8,o1y9okr6,zd3xmmvd,None,263
369pqq31,j92mqew8,o1y9okr6,zd3xmmvd,None,112
369pqq31,j92mqew8,o1y9okr6,zd3xmmvd,None,112
369pqq31,j92mqew8,o1y9okr6,zd3xmmvd,None,58
369pqq31,j92mqew8,o1y9okr6,zd3xmmvd,None,48
369pqq31,j92mqew8,o1y9okr6,zd3xmmvd,None,36
369pqq31,j92mqew8,o1y9okr6,zd3xmmvd,None,270
369pqq31,j92mqew8,369pqq31,82405jed,None,5
369pqq31,j9276q78,o1y9okr6,zd3xmmvd,None,94
369pqq31,j9276q78,o1y9okr6,zd3xmmvd,None,106
369pqq31,j9276q78,369pqq31,5dw66og2,None,5
369pqq31,j9276q78,o1y9okr6,zd3xmmvd,None,389
369pqq31,j9276q78,o1y9okr6,jdropold,None,38
369pqq31,j9276q78,369pqq31,5dw66og2,None,6
